time,metabolite,concentration,volume
6,Ala,0.052,0.271690141
6,Arg,2.55,0.271690141
6,Asn,7.05,0.271690141
6,Asp,1.638,0.271690141
6,Gln,NA,0.271690141
6,Glu,2.17,0.271690141
6,Gly,0.13,0.271690141
6,His,1.41,0.271690141
6,Ile,3.4,0.271690141
6,Leu,5.05,0.271690141
6,Lys,3.725,0.271690141
6,Met,1.088,0.271690141
6,Phe,1.64,0.271690141
6,Pro,5.825,0.271690141
6,Ser,6.4,0.271690141
6,Thr,3.725,0.271690141
6,Trp,1.36,0.271690141
6,Tyr,1.295,0.271690141
6,Val,3.85,0.271690141
15,Ala,0.056,0.274225352
15,Arg,2.403,0.274225352
15,Asn,6.8,0.274225352
15,Asp,1.453,0.274225352
15,Gln,NA,0.274225352
15,Glu,1.908,0.274225352
15,Gly,0.125,0.274225352
15,His,1.255,0.274225352
15,Ile,3.025,0.274225352
15,Leu,4.525,0.274225352
15,Lys,3.1,0.274225352
15,Met,0.918,0.274225352
15,Phe,1.38,0.274225352
15,Pro,5.025,0.274225352
15,Ser,5.875,0.274225352
15,Thr,3.375,0.274225352
15,Trp,1.063,0.274225352
15,Tyr,1.103,0.274225352
15,Val,3.25,0.274225352
3,Ala,0.04,0.27084507
3,Arg,2.39,0.27084507
3,Asn,7.325,0.27084507
3,Asp,1.61,0.27084507
3,Gln,NA,0.27084507
3,Glu,2.135,0.27084507
3,Gly,0.085,0.27084507
3,His,1.275,0.27084507
3,Ile,3.15,0.27084507
3,Leu,4.725,0.27084507
3,Lys,3.525,0.27084507
3,Met,0.953,0.27084507
3,Phe,1.463,0.27084507
3,Pro,5.25,0.27084507
3,Ser,6.125,0.27084507
3,Thr,3.575,0.27084507
3,Trp,1.098,0.27084507
3,Tyr,1.103,0.27084507
3,Val,3.425,0.27084507
18,Ala,0.074,0.275070423
18,Arg,2.8,0.275070423
18,Asn,7.525,0.275070423
18,Asp,1.943,0.275070423
18,Gln,NA,0.275070423
18,Glu,2.468,0.275070423
18,Gly,0.171,0.275070423
18,His,1.575,0.275070423
18,Ile,3.6,0.275070423
18,Leu,5.5,0.275070423
18,Lys,3.925,0.275070423
18,Met,1.12,0.275070423
18,Phe,1.735,0.275070423
18,Pro,6,0.275070423
18,Ser,6.375,0.275070423
18,Thr,3.975,0.275070423
18,Trp,1.383,0.275070423
18,Tyr,1.4,0.275070423
18,Val,4.25,0.275070423
0,Ala,0.213,0.27
0,Arg,2.48,0.27
0,Asn,6.425,0.27
0,Asp,1.713,0.27
0,Gln,0.074,0.27
0,Glu,2.103,0.27
0,Gly,0.533,0.27
0,His,1.3,0.27
0,Ile,2.975,0.27
0,Leu,4.45,0.27
0,Lys,3.725,0.27
0,Met,0.923,0.27
0,Phe,1.6,0.27
0,Pro,5.175,0.27
0,Ser,5.375,0.27
0,Thr,3.65,0.27
0,Trp,1.125,0.27
0,Tyr,1.235,0.27
0,Val,3.6,0.27
6,Ala,0.235,0.271690141
6,Arg,2.37,0.271690141
6,Asn,6.4,0.271690141
6,Asp,1.625,0.271690141
6,Gln,0.079,0.271690141
6,Glu,2.073,0.271690141
6,Gly,0.535,0.271690141
6,His,1.278,0.271690141
6,Ile,2.95,0.271690141
6,Leu,4.35,0.271690141
6,Lys,3.575,0.271690141
6,Met,0.88,0.271690141
6,Phe,1.505,0.271690141
6,Pro,5.025,0.271690141
6,Ser,5.05,0.271690141
6,Thr,3.65,0.271690141
6,Trp,1.105,0.271690141
6,Tyr,1.123,0.271690141
6,Val,3.5,0.271690141
0,Ala,0.032,0.27
0,Arg,2.233,0.27
0,Asn,6.375,0.27
0,Asp,1.508,0.27
0,Gln,NA,0.27
0,Glu,1.925,0.27
0,Gly,0.08,0.27
0,His,1.188,0.27
0,Ile,2.725,0.27
0,Leu,4.125,0.27
0,Lys,3.3,0.27
0,Met,0.833,0.27
0,Phe,1.33,0.27
0,Pro,4.675,0.27
0,Ser,5.025,0.27
0,Thr,3.225,0.27
0,Trp,1.12,0.27
0,Tyr,1.083,0.27
0,Val,3.175,0.27
42,Ala,0.149,0.281830986
42,Arg,2.675,0.281830986
42,Asn,7.175,0.281830986
42,Asp,1.79,0.281830986
42,Gln,0.057,0.281830986
42,Glu,2.203,0.281830986
42,Gly,0.3,0.281830986
42,His,1.35,0.281830986
42,Ile,3.375,0.281830986
42,Leu,5,0.281830986
42,Lys,3.725,0.281830986
42,Met,0.9,0.281830986
42,Phe,1.688,0.281830986
42,Pro,5.55,0.281830986
42,Ser,6.025,0.281830986
42,Thr,3.9,0.281830986
42,Trp,1.263,0.281830986
42,Tyr,1.3,0.281830986
42,Val,4,0.281830986
42,Ala,0.119,0.281830986
42,Arg,2.6,0.281830986
42,Asn,6.875,0.281830986
42,Asp,1.608,0.281830986
42,Gln,0.011,0.281830986
42,Glu,2.145,0.281830986
42,Gly,0.355,0.281830986
42,His,1.398,0.281830986
42,Ile,3.25,0.281830986
42,Leu,4.725,0.281830986
42,Lys,3.625,0.281830986
42,Met,1,0.281830986
42,Phe,1.653,0.281830986
42,Pro,5.575,0.281830986
42,Ser,6.025,0.281830986
42,Thr,3.7,0.281830986
42,Trp,1.293,0.281830986
42,Tyr,1.273,0.281830986
42,Val,3.775,0.281830986
48,Ala,0.156,0.283521127
48,Arg,2.443,0.283521127
48,Asn,7.425,0.283521127
48,Asp,1.655,0.283521127
48,Gln,0.058,0.283521127
48,Glu,2.258,0.283521127
48,Gly,0.333,0.283521127
48,His,1.345,0.283521127
48,Ile,3.15,0.283521127
48,Leu,4.775,0.283521127
48,Lys,3.525,0.283521127
48,Met,0.915,0.283521127
48,Phe,1.638,0.283521127
48,Pro,5.125,0.283521127
48,Ser,5.875,0.283521127
48,Thr,3.675,0.283521127
48,Trp,1.15,0.283521127
48,Tyr,1.198,0.283521127
48,Val,3.7,0.283521127
48,Ala,0.137,0.283521127
48,Arg,2.6,0.283521127
48,Asn,6.6,0.283521127
48,Asp,1.695,0.283521127
48,Gln,0.013,0.283521127
48,Glu,2.14,0.283521127
48,Gly,0.355,0.283521127
48,His,1.42,0.283521127
48,Ile,3.35,0.283521127
48,Leu,5.075,0.283521127
48,Lys,3.525,0.283521127
48,Met,1.003,0.283521127
48,Phe,1.603,0.283521127
48,Pro,5.6,0.283521127
48,Ser,5.875,0.283521127
48,Thr,3.625,0.283521127
48,Trp,1.3,0.283521127
48,Tyr,1.268,0.283521127
48,Val,3.65,0.283521127
18,Ala,0.3,0.275070423
18,Arg,2.6,0.275070423
18,Asn,6.075,0.275070423
18,Asp,1.618,0.275070423
18,Gln,0.089,0.275070423
18,Glu,1.973,0.275070423
18,Gly,0.713,0.275070423
18,His,1.418,0.275070423
18,Ile,3.325,0.275070423
18,Leu,5,0.275070423
18,Lys,3.55,0.275070423
18,Met,0.933,0.275070423
18,Phe,1.59,0.275070423
18,Pro,5.575,0.275070423
18,Ser,5.7,0.275070423
18,Thr,3.6,0.275070423
18,Trp,1.253,0.275070423
18,Tyr,1.308,0.275070423
18,Val,3.875,0.275070423
24,Ala,0.101,0.276760563
24,Arg,2.298,0.276760563
24,Asn,6.925,0.276760563
24,Asp,1.66,0.276760563
24,Gln,0.05,0.276760563
24,Glu,2.203,0.276760563
24,Gly,0.207,0.276760563
24,His,1.295,0.276760563
24,Ile,3.175,0.276760563
24,Leu,4.875,0.276760563
24,Lys,3.375,0.276760563
24,Met,0.948,0.276760563
24,Phe,1.575,0.276760563
24,Pro,5.2,0.276760563
24,Ser,5.925,0.276760563
24,Thr,3.675,0.276760563
24,Trp,1.188,0.276760563
24,Tyr,1.208,0.276760563
24,Val,3.75,0.276760563
30,Ala,0.117,0.278450704
30,Arg,2.625,0.278450704
30,Asn,7.475,0.278450704
30,Asp,1.735,0.278450704
30,Gln,0.053,0.278450704
30,Glu,2.405,0.278450704
30,Gly,0.247,0.278450704
30,His,1.45,0.278450704
30,Ile,3.45,0.278450704
30,Leu,5,0.278450704
30,Lys,3.6,0.278450704
30,Met,0.978,0.278450704
30,Phe,1.773,0.278450704
30,Pro,5.55,0.278450704
30,Ser,6.675,0.278450704
30,Thr,3.775,0.278450704
30,Trp,1.313,0.278450704
30,Tyr,1.288,0.278450704
30,Val,4,0.278450704
24,Ala,0.083,0.276760563
24,Arg,2.75,0.276760563
24,Asn,7.275,0.276760563
24,Asp,1.758,0.276760563
24,Gln,NA,0.276760563
24,Glu,2.27,0.276760563
24,Gly,0.227,0.276760563
24,His,1.493,0.276760563
24,Ile,3.675,0.276760563
24,Leu,5.35,0.276760563
24,Lys,3.725,0.276760563
24,Met,1.023,0.276760563
24,Phe,1.703,0.276760563
24,Pro,6.075,0.276760563
24,Ser,6.4,0.276760563
24,Thr,3.725,0.276760563
24,Trp,1.34,0.276760563
24,Tyr,1.333,0.276760563
24,Val,4.025,0.276760563
30,Ala,0.099,0.278450704
30,Arg,2.575,0.278450704
30,Asn,7,0.278450704
30,Asp,1.69,0.278450704
30,Gln,0.0024,0.278450704
30,Glu,2.233,0.278450704
30,Gly,0.214,0.278450704
30,His,1.44,0.278450704
30,Ile,3.275,0.278450704
30,Leu,4.775,0.278450704
30,Lys,3.875,0.278450704
30,Met,1.015,0.278450704
30,Phe,1.603,0.278450704
30,Pro,5.85,0.278450704
30,Ser,6.05,0.278450704
30,Thr,3.65,0.278450704
30,Trp,1.283,0.278450704
30,Tyr,1.298,0.278450704
30,Val,3.875,0.278450704
54,Ala,0.185,0.285211268
54,Arg,2.8,0.285211268
54,Asn,6.975,0.285211268
54,Asp,1.728,0.285211268
54,Gln,0.071,0.285211268
54,Glu,2.14,0.285211268
54,Gly,0.415,0.285211268
54,His,1.393,0.285211268
54,Ile,3.425,0.285211268
54,Leu,4.95,0.285211268
54,Lys,3.625,0.285211268
54,Met,1.003,0.285211268
54,Phe,1.788,0.285211268
54,Pro,5.45,0.285211268
54,Ser,6.075,0.285211268
54,Thr,3.625,0.285211268
54,Trp,1.27,0.285211268
54,Tyr,1.218,0.285211268
54,Val,3.925,0.285211268
54,Ala,0.137,0.285211268
54,Arg,2.438,0.285211268
54,Asn,6.575,0.285211268
54,Asp,1.658,0.285211268
54,Gln,0.016,0.285211268
54,Glu,2.163,0.285211268
54,Gly,0.383,0.285211268
54,His,1.335,0.285211268
54,Ile,3.05,0.285211268
54,Leu,4.6,0.285211268
54,Lys,3.6,0.285211268
54,Met,0.953,0.285211268
54,Phe,1.395,0.285211268
54,Pro,5.175,0.285211268
54,Ser,5.3,0.285211268
54,Thr,3.6,0.285211268
54,Trp,1.235,0.285211268
54,Tyr,1.193,0.285211268
54,Val,3.6,0.285211268
66,Ala,0.217,0.288591549
66,Arg,2.463,0.288591549
66,Asn,6.625,0.288591549
66,Asp,1.713,0.288591549
66,Gln,0.082,0.288591549
66,Glu,2.078,0.288591549
66,Gly,0.54,0.288591549
66,His,1.355,0.288591549
66,Ile,3.15,0.288591549
66,Leu,4.675,0.288591549
66,Lys,3.5,0.288591549
66,Met,0.905,0.288591549
66,Phe,1.47,0.288591549
66,Pro,5.425,0.288591549
66,Ser,5.45,0.288591549
66,Thr,3.825,0.288591549
66,Trp,1.178,0.288591549
66,Tyr,1.198,0.288591549
66,Val,3.775,0.288591549
66,Ala,0.184,0.288591549
66,Arg,2.26,0.288591549
66,Asn,6.225,0.288591549
66,Asp,1.663,0.288591549
66,Gln,0.025,0.288591549
66,Glu,2.05,0.288591549
66,Gly,0.53,0.288591549
66,His,1.273,0.288591549
66,Ile,2.925,0.288591549
66,Leu,4.35,0.288591549
66,Lys,3.7,0.288591549
66,Met,0.92,0.288591549
66,Phe,1.46,0.288591549
66,Pro,5.2,0.288591549
66,Ser,4.825,0.288591549
66,Thr,3.6,0.288591549
66,Trp,1.105,0.288591549
66,Tyr,1.12,0.288591549
66,Val,3.4,0.288591549
71,Ala,0.26,0.29
71,Arg,2.6,0.29
71,Asn,6.55,0.29
71,Asp,1.738,0.29
71,Gln,0.088,0.29
71,Glu,2.118,0.29
71,Gly,0.633,0.29
71,His,1.46,0.29
71,Ile,3.475,0.29
71,Leu,5.275,0.29
71,Lys,3.45,0.29
71,Met,1.028,0.29
71,Phe,1.783,0.29
71,Pro,5.875,0.29
71,Ser,6,0.29
71,Thr,3.7,0.29
71,Trp,1.29,0.29
71,Tyr,1.353,0.29
71,Val,4.05,0.29
71,Ala,0.212,0.29
71,Arg,2.575,0.29
71,Asn,6.35,0.29
71,Asp,1.683,0.29
71,Gln,0.044,0.29
71,Glu,2.14,0.29
71,Gly,0.745,0.29
71,His,1.448,0.29
71,Ile,3.4,0.29
71,Leu,5.05,0.29
71,Lys,3.575,0.29
71,Met,1.12,0.29
71,Phe,1.595,0.29
71,Pro,5.925,0.29
71,Ser,5.675,0.29
71,Thr,3.675,0.29
71,Trp,1.265,0.29
71,Tyr,1.293,0.29
71,Val,3.875,0.29
77,Ala,0.273,0.291690141
77,Arg,2.308,0.291690141
77,Asn,6.05,0.291690141
77,Asp,1.538,0.291690141
77,Gln,0.089,0.291690141
77,Glu,1.938,0.291690141
77,Gly,0.703,0.291690141
77,His,1.388,0.291690141
77,Ile,2.975,0.291690141
77,Leu,4.65,0.291690141
77,Lys,3.225,0.291690141
77,Met,0.905,0.291690141
77,Phe,1.6,0.291690141
77,Pro,5.125,0.291690141
77,Ser,5.225,0.291690141
77,Thr,3.45,0.291690141
77,Trp,1.15,0.291690141
77,Tyr,1.158,0.291690141
77,Val,3.375,0.291690141
77,Ala,0.28,0.291690141
77,Arg,2.825,0.291690141
77,Asn,6.6,0.291690141
77,Asp,2.205,0.291690141
77,Gln,0.063,0.291690141
77,Glu,2.39,0.291690141
77,Gly,0.783,0.291690141
77,His,1.52,0.291690141
77,Ile,3.425,0.291690141
77,Leu,5.125,0.291690141
77,Lys,3.925,0.291690141
77,Met,1.08,0.291690141
77,Phe,1.678,0.291690141
77,Pro,5.95,0.291690141
77,Ser,5.7,0.291690141
77,Thr,4.125,0.291690141
77,Trp,1.33,0.291690141
77,Tyr,1.33,0.291690141
77,Val,3.975,0.291690141
102,Ala,0.67,0.298732394
102,Arg,2.775,0.298732394
102,Asn,5,0.298732394
102,Asp,1.738,0.298732394
102,Gln,0.165,0.298732394
102,Glu,1.928,0.298732394
102,Gly,1.183,0.298732394
102,His,1.508,0.298732394
102,Ile,3.525,0.298732394
102,Leu,5.225,0.298732394
102,Lys,3.5,0.298732394
102,Met,0.938,0.298732394
102,Phe,1.785,0.298732394
102,Pro,6.075,0.298732394
102,Ser,5.625,0.298732394
102,Thr,3.65,0.298732394
102,Trp,1.428,0.298732394
102,Tyr,1.34,0.298732394
102,Val,4.225,0.298732394
102,Ala,0.628,0.298732394
102,Arg,2.43,0.298732394
102,Asn,4.375,0.298732394
102,Asp,1.688,0.298732394
102,Gln,0.135,0.298732394
102,Glu,1.895,0.298732394
102,Gly,1.285,0.298732394
102,His,1.39,0.298732394
102,Ile,3.075,0.298732394
102,Leu,4.575,0.298732394
102,Lys,3.525,0.298732394
102,Met,0.888,0.298732394
102,Phe,1.53,0.298732394
102,Pro,5.95,0.298732394
102,Ser,4.7,0.298732394
102,Thr,3.55,0.298732394
102,Trp,1.265,0.298732394
102,Tyr,1.198,0.298732394
102,Val,3.675,0.298732394
89,Ala,0.443,0.295070423
89,Arg,2.9,0.295070423
89,Asn,5.875,0.295070423
89,Asp,1.733,0.295070423
89,Gln,0.125,0.295070423
89,Glu,2.09,0.295070423
89,Gly,1.035,0.295070423
89,His,1.503,0.295070423
89,Ile,3.45,0.295070423
89,Leu,5.025,0.295070423
89,Lys,3.475,0.295070423
89,Met,0.978,0.295070423
89,Phe,1.83,0.295070423
89,Pro,6.1,0.295070423
89,Ser,5.85,0.295070423
89,Thr,3.75,0.295070423
89,Trp,1.358,0.295070423
89,Tyr,1.393,0.295070423
89,Val,4.175,0.295070423
89,Ala,0.408,0.295070423
89,Arg,2.65,0.295070423
89,Asn,5.275,0.295070423
89,Asp,1.72,0.295070423
89,Gln,0.098,0.295070423
89,Glu,1.998,0.295070423
89,Gly,1.018,0.295070423
89,His,1.498,0.295070423
89,Ile,3.35,0.295070423
89,Leu,5.075,0.295070423
89,Lys,3.5,0.295070423
89,Met,0.998,0.295070423
89,Phe,1.603,0.295070423
89,Pro,6.2,0.295070423
89,Ser,5.425,0.295070423
89,Thr,3.775,0.295070423
89,Trp,1.353,0.295070423
89,Tyr,1.308,0.295070423
89,Val,4.05,0.295070423
96,Ala,0.55,0.297042254
96,Arg,2.7,0.297042254
96,Asn,5.425,0.297042254
96,Asp,1.913,0.297042254
96,Gln,0.147,0.297042254
96,Glu,2.075,0.297042254
96,Gly,1.065,0.297042254
96,His,1.43,0.297042254
96,Ile,3.25,0.297042254
96,Leu,4.975,0.297042254
96,Lys,3.475,0.297042254
96,Met,0.955,0.297042254
96,Phe,1.673,0.297042254
96,Pro,5.85,0.297042254
96,Ser,5.45,0.297042254
96,Thr,3.825,0.297042254
96,Trp,1.258,0.297042254
96,Tyr,1.283,0.297042254
96,Val,3.85,0.297042254
96,Ala,0.485,0.297042254
96,Arg,2.525,0.297042254
96,Asn,4.725,0.297042254
96,Asp,1.685,0.297042254
96,Gln,0.108,0.297042254
96,Glu,1.958,0.297042254
96,Gly,1.178,0.297042254
96,His,1.438,0.297042254
96,Ile,3.15,0.297042254
96,Leu,4.625,0.297042254
96,Lys,3.5,0.297042254
96,Met,0.905,0.297042254
96,Phe,1.535,0.297042254
96,Pro,5.7,0.297042254
96,Ser,4.825,0.297042254
96,Thr,3.575,0.297042254
96,Trp,1.2,0.297042254
96,Tyr,1.225,0.297042254
96,Val,3.675,0.297042254
114,Ala,1.09,0.302112676
114,Arg,2.298,0.302112676
114,Asn,3.95,0.302112676
114,Asp,1.743,0.302112676
114,Gln,0.19,0.302112676
114,Glu,1.883,0.302112676
114,Gly,1.278,0.302112676
114,His,1.413,0.302112676
114,Ile,3.05,0.302112676
114,Leu,4.475,0.302112676
114,Lys,3.425,0.302112676
114,Met,0.775,0.302112676
114,Phe,1.5,0.302112676
114,Pro,5.45,0.302112676
114,Ser,4.55,0.302112676
114,Thr,3.65,0.302112676
114,Trp,1.215,0.302112676
114,Tyr,1.205,0.302112676
114,Val,3.5,0.302112676
114,Ala,1.008,0.302112676
114,Arg,2.328,0.302112676
114,Asn,3.1,0.302112676
114,Asp,1.563,0.302112676
114,Gln,0.182,0.302112676
114,Glu,1.655,0.302112676
114,Gly,1.263,0.302112676
114,His,1.318,0.302112676
114,Ile,2.775,0.302112676
114,Leu,4.1,0.302112676
114,Lys,3.125,0.302112676
114,Met,0.8,0.302112676
114,Phe,1.393,0.302112676
114,Pro,5.325,0.302112676
114,Ser,4.175,0.302112676
114,Thr,3.3,0.302112676
114,Trp,1.175,0.302112676
114,Tyr,1.07,0.302112676
114,Val,3.4,0.302112676
120,Ala,1.315,0.303802817
120,Arg,2.315,0.303802817
120,Asn,3.225,0.303802817
120,Asp,1.55,0.303802817
120,Gln,0.209,0.303802817
120,Glu,1.738,0.303802817
120,Gly,1.445,0.303802817
120,His,1.318,0.303802817
120,Ile,2.9,0.303802817
120,Leu,4.225,0.303802817
120,Lys,3.3,0.303802817
120,Met,0.813,0.303802817
120,Phe,1.525,0.303802817
120,Pro,5.65,0.303802817
120,Ser,4.35,0.303802817
120,Thr,3.625,0.303802817
120,Trp,1.203,0.303802817
120,Tyr,1.15,0.303802817
120,Val,3.4,0.303802817
120,Ala,1.163,0.303802817
120,Arg,1.96,0.303802817
120,Asn,2.425,0.303802817
120,Asp,1.283,0.303802817
120,Gln,0.165,0.303802817
120,Glu,1.43,0.303802817
120,Gly,1.215,0.303802817
120,His,1.148,0.303802817
120,Ile,2.43,0.303802817
120,Leu,3.6,0.303802817
120,Lys,2.775,0.303802817
120,Met,0.683,0.303802817
120,Phe,1.17,0.303802817
120,Pro,4.85,0.303802817
120,Ser,3.475,0.303802817
120,Thr,3.175,0.303802817
120,Trp,1.055,0.303802817
120,Tyr,0.93,0.303802817
120,Val,2.975,0.303802817
126,Ala,1.518,0.305492958
126,Arg,1.983,0.305492958
126,Asn,2.348,0.305492958
126,Asp,1.333,0.305492958
126,Gln,0.199,0.305492958
126,Glu,1.52,0.305492958
126,Gly,1.403,0.305492958
126,His,1.168,0.305492958
126,Ile,2.44,0.305492958
126,Leu,3.75,0.305492958
126,Lys,2.975,0.305492958
126,Met,0.663,0.305492958
126,Phe,1.355,0.305492958
126,Pro,5.025,0.305492958
126,Ser,3.525,0.305492958
126,Thr,3.3,0.305492958
126,Trp,1.088,0.305492958
126,Tyr,1.02,0.305492958
126,Val,3.05,0.305492958
126,Ala,1.428,0.305492958
126,Arg,1.88,0.305492958
126,Asn,1.845,0.305492958
126,Asp,1.223,0.305492958
126,Gln,0.193,0.305492958
126,Glu,1.388,0.305492958
126,Gly,1.305,0.305492958
126,His,1.118,0.305492958
126,Ile,2.415,0.305492958
126,Leu,3.4,0.305492958
126,Lys,2.95,0.305492958
126,Met,0.63,0.305492958
126,Phe,1.135,0.305492958
126,Pro,4.65,0.305492958
126,Ser,3.275,0.305492958
126,Thr,3.075,0.305492958
126,Trp,1.03,0.305492958
126,Tyr,0.903,0.305492958
126,Val,2.75,0.305492958
138,Ala,2.298,0.308873239
138,Arg,1.898,0.308873239
138,Asn,1.135,0.308873239
138,Asp,0.99,0.308873239
138,Gln,0.216,0.308873239
138,Glu,1.115,0.308873239
138,Gly,1.658,0.308873239
138,His,1.098,0.308873239
138,Ile,2.173,0.308873239
138,Leu,3.1,0.308873239
138,Lys,2.825,0.308873239
138,Met,0.598,0.308873239
138,Phe,1.153,0.308873239
138,Pro,4.7,0.308873239
138,Ser,2.925,0.308873239
138,Thr,3.2,0.308873239
138,Trp,1.008,0.308873239
138,Tyr,0.875,0.308873239
138,Val,2.75,0.308873239
138,Ala,2.29,0.308873239
138,Arg,1.628,0.308873239
138,Asn,0.618,0.308873239
138,Asp,0.673,0.308873239
138,Gln,0.179,0.308873239
138,Glu,0.78,0.308873239
138,Gly,1.33,0.308873239
138,His,0.966,0.308873239
138,Ile,2.088,0.308873239
138,Leu,2.95,0.308873239
138,Lys,2.22,0.308873239
138,Met,0.534,0.308873239
138,Phe,0.936,0.308873239
138,Pro,4.525,0.308873239
138,Ser,2.6,0.308873239
138,Thr,2.625,0.308873239
138,Trp,0.855,0.308873239
138,Tyr,0.659,0.308873239
138,Val,2.52,0.308873239
144,Ala,2.825,0.31056338
144,Arg,2.11,0.31056338
144,Asn,0.703,0.31056338
144,Asp,0.72,0.31056338
144,Gln,0.229,0.31056338
144,Glu,1.023,0.31056338
144,Gly,2.03,0.31056338
144,His,1.258,0.31056338
144,Ile,2.525,0.31056338
144,Leu,3.4,0.31056338
144,Lys,2.65,0.31056338
144,Met,0.678,0.31056338
144,Phe,1.333,0.31056338
144,Pro,5.575,0.31056338
144,Ser,3.25,0.31056338
144,Thr,3.125,0.31056338
144,Trp,1.145,0.31056338
144,Tyr,0.973,0.31056338
144,Val,3.1,0.31056338
144,Ala,2.65,0.31056338
144,Arg,1.67,0.31056338
144,Asn,0.355,0.31056338
144,Asp,0.388,0.31056338
144,Gln,0.156,0.31056338
144,Glu,0.645,0.31056338
144,Gly,1.555,0.31056338
144,His,1.04,0.31056338
144,Ile,1.985,0.31056338
144,Leu,2.825,0.31056338
144,Lys,2.365,0.31056338
144,Met,0.565,0.31056338
144,Phe,0.993,0.31056338
144,Pro,4.6,0.31056338
144,Ser,2.433,0.31056338
144,Thr,2.6,0.31056338
144,Trp,0.973,0.31056338
144,Tyr,0.778,0.31056338
144,Val,2.468,0.31056338
150,Ala,3.475,0.312253521
150,Arg,1.763,0.312253521
150,Asn,0.335,0.312253521
150,Asp,0.35,0.312253521
150,Gln,0.194,0.312253521
150,Glu,0.63,0.312253521
150,Gly,1.983,0.312253521
150,His,1.05,0.312253521
150,Ile,2.158,0.312253521
150,Leu,2.925,0.312253521
150,Lys,2.55,0.312253521
150,Met,0.588,0.312253521
150,Phe,1.118,0.312253521
150,Pro,4.925,0.312253521
150,Ser,2.39,0.312253521
150,Thr,2.85,0.312253521
150,Trp,1.023,0.312253521
150,Tyr,0.853,0.312253521
150,Val,2.65,0.312253521
150,Ala,3.7,0.312253521
150,Arg,1.493,0.312253521
150,Asn,0.184,0.312253521
150,Asp,0.111,0.312253521
150,Gln,0.141,0.312253521
150,Glu,0.308,0.312253521
150,Gly,1.76,0.312253521
150,His,0.968,0.312253521
150,Ile,1.788,0.312253521
150,Leu,2.5,0.312253521
150,Lys,2.35,0.312253521
150,Met,0.44,0.312253521
150,Phe,0.868,0.312253521
150,Pro,4.275,0.312253521
150,Ser,1.935,0.312253521
150,Thr,2.6,0.312253521
150,Trp,0.87,0.312253521
150,Tyr,0.68,0.312253521
150,Val,2.118,0.312253521
162,Ala,4.9,0.315633803
162,Arg,1.64,0.315633803
162,Asn,0.123,0.315633803
162,Asp,0.017,0.315633803
162,Gln,0.122,0.315633803
162,Glu,0.048,0.315633803
162,Gly,2.433,0.315633803
162,His,1.173,0.315633803
162,Ile,1.905,0.315633803
162,Leu,2.775,0.315633803
162,Lys,2.253,0.315633803
162,Met,0.495,0.315633803
162,Phe,1.138,0.315633803
162,Pro,5.45,0.315633803
162,Ser,2.06,0.315633803
162,Thr,2.7,0.315633803
162,Trp,1.068,0.315633803
162,Tyr,0.823,0.315633803
162,Val,2.575,0.315633803
162,Ala,4.3,0.315633803
162,Arg,1.563,0.315633803
162,Asn,0.06,0.315633803
162,Asp,0.0051,0.315633803
162,Gln,0.079,0.315633803
162,Glu,0.024,0.315633803
162,Gly,2.068,0.315633803
162,His,0.993,0.315633803
162,Ile,1.673,0.315633803
162,Leu,2.318,0.315633803
162,Lys,2.005,0.315633803
162,Met,0.46,0.315633803
162,Phe,0.883,0.315633803
162,Pro,4.675,0.315633803
162,Ser,1.723,0.315633803
162,Thr,2.525,0.315633803
162,Trp,0.93,0.315633803
162,Tyr,0.71,0.315633803
162,Val,2.17,0.315633803
168,Ala,4.725,0.317323944
168,Arg,1.54,0.317323944
168,Asn,0.072,0.317323944
168,Asp,0.0061,0.317323944
168,Gln,0.113,0.317323944
168,Glu,0.029,0.317323944
168,Gly,2.27,0.317323944
168,His,1.11,0.317323944
168,Ile,1.623,0.317323944
168,Leu,2.21,0.317323944
168,Lys,2.188,0.317323944
168,Met,0.485,0.317323944
168,Phe,0.973,0.317323944
168,Pro,4.825,0.317323944
168,Ser,1.7,0.317323944
168,Thr,2.6,0.317323944
168,Trp,0.923,0.317323944
168,Tyr,0.733,0.317323944
168,Val,2.2,0.317323944
168,Ala,4.475,0.317323944
168,Arg,1.495,0.317323944
168,Asn,0.041,0.317323944
168,Asp,0.0053,0.317323944
168,Gln,0.088,0.317323944
168,Glu,0.017,0.317323944
168,Gly,2.245,0.317323944
168,His,0.988,0.317323944
168,Ile,1.545,0.317323944
168,Leu,2.043,0.317323944
168,Lys,2.06,0.317323944
168,Met,0.448,0.317323944
168,Phe,0.92,0.317323944
168,Pro,4.625,0.317323944
168,Ser,1.633,0.317323944
168,Thr,2.5,0.317323944
168,Trp,0.913,0.317323944
168,Tyr,0.698,0.317323944
168,Val,2.058,0.317323944
172,Ala,4.375,0.318450704
172,Arg,1.445,0.318450704
172,Asn,0.033,0.318450704
172,Asp,0.007,0.318450704
172,Gln,0.078,0.318450704
172,Glu,0.016,0.318450704
172,Gly,2.44,0.318450704
172,His,0.985,0.318450704
172,Ile,1.428,0.318450704
172,Leu,1.87,0.318450704
172,Lys,2.063,0.318450704
172,Met,0.473,0.318450704
172,Phe,0.83,0.318450704
172,Pro,4.55,0.318450704
172,Ser,1.4,0.318450704
172,Thr,2.36,0.318450704
172,Trp,0.865,0.318450704
172,Tyr,0.623,0.318450704
172,Val,1.783,0.318450704
184,Ala,4.7,0.321830986
184,Arg,1.515,0.321830986
184,Asn,0.04,0.321830986
184,Asp,0.0055,0.321830986
184,Gln,0.122,0.321830986
184,Glu,0.029,0.321830986
184,Gly,2.675,0.321830986
184,His,0.868,0.321830986
184,Ile,1.285,0.321830986
184,Leu,1.515,0.321830986
184,Lys,1.813,0.321830986
184,Met,0.418,0.321830986
184,Phe,0.865,0.321830986
184,Pro,4.425,0.321830986
184,Ser,1.178,0.321830986
184,Thr,2.333,0.321830986
184,Trp,0.815,0.321830986
184,Tyr,0.65,0.321830986
184,Val,1.805,0.321830986
184,Ala,4.75,0.321830986
184,Arg,1.278,0.321830986
184,Asn,0.031,0.321830986
184,Asp,0.0077,0.321830986
184,Gln,0.072,0.321830986
184,Glu,0.018,0.321830986
184,Gly,2.5,0.321830986
184,His,0.87,0.321830986
184,Ile,1.115,0.321830986
184,Leu,1.438,0.321830986
184,Lys,2.1,0.321830986
184,Met,0.403,0.321830986
184,Phe,0.775,0.321830986
184,Pro,4.15,0.321830986
184,Ser,1.173,0.321830986
184,Thr,2.358,0.321830986
184,Trp,0.745,0.321830986
184,Tyr,0.57,0.321830986
184,Val,1.573,0.321830986
111,Ala,0.263,0.301267606
111,Arg,1.68,0.301267606
111,Asn,3.9,0.301267606
111,Asp,1.163,0.301267606
111,Gln,0.05,0.301267606
111,Glu,1.345,0.301267606
111,Gly,0.685,0.301267606
111,His,0.908,0.301267606
111,Ile,2.185,0.301267606
111,Leu,3.275,0.301267606
111,Lys,2.525,0.301267606
111,Met,0.635,0.301267606
111,Phe,1.063,0.301267606
111,Pro,3.95,0.301267606
111,Ser,3.625,0.301267606
111,Thr,2.675,0.301267606
111,Trp,0.785,0.301267606
111,Tyr,0.823,0.301267606
111,Val,2.4,0.301267606
117,Ala,0.368,0.302957747
117,Arg,1.778,0.302957747
117,Asn,4.1,0.302957747
117,Asp,1.245,0.302957747
117,Gln,0.073,0.302957747
117,Glu,1.405,0.302957747
117,Gly,0.793,0.302957747
117,His,1.02,0.302957747
117,Ile,2.39,0.302957747
117,Leu,3.525,0.302957747
117,Lys,2.75,0.302957747
117,Met,0.658,0.302957747
117,Phe,1.118,0.302957747
117,Pro,4.075,0.302957747
117,Ser,3.675,0.302957747
117,Thr,2.925,0.302957747
117,Trp,0.865,0.302957747
117,Tyr,0.898,0.302957747
117,Val,2.575,0.302957747
123,Ala,0.53,0.304647887
123,Arg,2.028,0.304647887
123,Asn,4.15,0.304647887
123,Asp,1.413,0.304647887
123,Gln,0.089,0.304647887
123,Glu,1.568,0.304647887
123,Gly,1,0.304647887
123,His,1.173,0.304647887
123,Ile,2.6,0.304647887
123,Leu,3.75,0.304647887
123,Lys,2.85,0.304647887
123,Met,0.75,0.304647887
123,Phe,1.208,0.304647887
123,Pro,4.725,0.304647887
123,Ser,3.85,0.304647887
123,Thr,3.15,0.304647887
123,Trp,0.978,0.304647887
123,Tyr,0.968,0.304647887
123,Val,2.85,0.304647887
135,Ala,0.878,0.308028169
135,Arg,1.883,0.308028169
135,Asn,2.925,0.308028169
135,Asp,1.225,0.308028169
135,Gln,0.115,0.308028169
135,Glu,1.268,0.308028169
135,Gly,1.185,0.308028169
135,His,1.035,0.308028169
135,Ile,2.435,0.308028169
135,Leu,3.375,0.308028169
135,Lys,2.675,0.308028169
135,Met,0.678,0.308028169
135,Phe,1.128,0.308028169
135,Pro,4.55,0.308028169
135,Ser,3.375,0.308028169
135,Thr,2.875,0.308028169
135,Trp,0.93,0.308028169
135,Tyr,0.885,0.308028169
135,Val,2.65,0.308028169
147,Ala,1.168,0.311408451
147,Arg,1.305,0.311408451
147,Asn,1.355,0.311408451
147,Asp,0.808,0.311408451
147,Gln,0.113,0.311408451
147,Glu,0.878,0.311408451
147,Gly,1.01,0.311408451
147,His,0.768,0.311408451
147,Ile,1.673,0.311408451
147,Leu,2.393,0.311408451
147,Lys,1.94,0.311408451
147,Met,0.448,0.311408451
147,Phe,0.808,0.311408451
147,Pro,3.525,0.311408451
147,Ser,2.245,0.311408451
147,Thr,2.153,0.311408451
147,Trp,0.683,0.311408451
147,Tyr,0.62,0.311408451
147,Val,1.898,0.311408451
158,Ala,1.89,0.314507042
158,Arg,1.178,0.314507042
158,Asn,0.54,0.314507042
158,Asp,0.543,0.314507042
158,Gln,0.097,0.314507042
158,Glu,0.645,0.314507042
158,Gly,1.11,0.314507042
158,His,0.703,0.314507042
158,Ile,1.463,0.314507042
158,Leu,2,0.314507042
158,Lys,1.79,0.314507042
158,Met,0.335,0.314507042
158,Phe,0.668,0.314507042
158,Pro,3.15,0.314507042
158,Ser,1.715,0.314507042
158,Thr,2.043,0.314507042
158,Trp,0.63,0.314507042
158,Tyr,0.54,0.314507042
158,Val,1.638,0.314507042
164,Ala,2.775,0.316197183
164,Arg,1.13,0.316197183
164,Asn,0.236,0.316197183
164,Asp,0.246,0.316197183
164,Gln,0.084,0.316197183
164,Glu,0.418,0.316197183
164,Gly,1.215,0.316197183
164,His,0.67,0.316197183
164,Ile,1.428,0.316197183
164,Leu,1.898,0.316197183
164,Lys,1.875,0.316197183
164,Met,0.365,0.316197183
164,Phe,0.7,0.316197183
164,Pro,3.225,0.316197183
164,Ser,1.475,0.316197183
164,Thr,2.113,0.316197183
164,Trp,0.62,0.316197183
164,Tyr,0.515,0.316197183
164,Val,1.575,0.316197183
171,Ala,3.625,0.318169014
171,Arg,1.303,0.318169014
171,Asn,0.135,0.318169014
171,Asp,0.019,0.318169014
171,Gln,0.081,0.318169014
171,Glu,0.069,0.318169014
171,Gly,1.545,0.318169014
171,His,0.78,0.318169014
171,Ile,1.54,0.318169014
171,Leu,2.025,0.318169014
171,Lys,1.883,0.318169014
171,Met,0.388,0.318169014
171,Phe,0.773,0.318169014
171,Pro,3.65,0.318169014
171,Ser,1.52,0.318169014
171,Thr,2.115,0.318169014
171,Trp,0.705,0.318169014
171,Tyr,0.565,0.318169014
171,Val,1.765,0.318169014
183,Ala,3.725,0.321549296
183,Arg,1.268,0.321549296
183,Asn,0.053,0.321549296
183,Asp,NA,0.321549296
183,Gln,0.06,0.321549296
183,Glu,NA,0.321549296
183,Gly,1.77,0.321549296
183,His,0.74,0.321549296
183,Ile,1.378,0.321549296
183,Leu,1.773,0.321549296
183,Lys,1.635,0.321549296
183,Met,0.365,0.321549296
183,Phe,0.685,0.321549296
183,Pro,3.575,0.321549296
183,Ser,1.193,0.321549296
183,Thr,2.073,0.321549296
183,Trp,0.643,0.321549296
183,Tyr,0.52,0.321549296
183,Val,1.623,0.321549296
189,Ala,4.75,0.323239437
189,Arg,1.328,0.323239437
189,Asn,0.04,0.323239437
189,Asp,0.0034,0.323239437
189,Gln,0.062,0.323239437
189,Glu,NA,0.323239437
189,Gly,2.08,0.323239437
189,His,0.8,0.323239437
189,Ile,1.513,0.323239437
189,Leu,1.868,0.323239437
189,Lys,2.15,0.323239437
189,Met,0.403,0.323239437
189,Phe,0.76,0.323239437
189,Pro,4.075,0.323239437
189,Ser,1.153,0.323239437
189,Thr,2.36,0.323239437
189,Trp,0.738,0.323239437
189,Tyr,0.588,0.323239437
189,Val,1.728,0.323239437
21,Ala,0.062,0.275915493
21,Arg,2.355,0.275915493
21,Asn,6.625,0.275915493
21,Asp,1.458,0.275915493
21,Gln,NA,0.275915493
21,Glu,1.858,0.275915493
21,Gly,0.136,0.275915493
21,His,1.145,0.275915493
21,Ile,3,0.275915493
21,Leu,4.55,0.275915493
21,Lys,3.15,0.275915493
21,Met,0.923,0.275915493
21,Phe,1.373,0.275915493
21,Pro,5.15,0.275915493
21,Ser,5.925,0.275915493
21,Thr,3.2,0.275915493
21,Trp,1.07,0.275915493
21,Tyr,1.05,0.275915493
21,Val,3.2,0.275915493
27,Ala,0.071,0.277605634
27,Arg,2.145,0.277605634
27,Asn,6.475,0.277605634
27,Asp,1.458,0.277605634
27,Gln,0.0082,0.277605634
27,Glu,1.9,0.277605634
27,Gly,0.161,0.277605634
27,His,1.143,0.277605634
27,Ile,2.9,0.277605634
27,Leu,4.175,0.277605634
27,Lys,3,0.277605634
27,Met,0.823,0.277605634
27,Phe,1.333,0.277605634
27,Pro,4.675,0.277605634
27,Ser,5.225,0.277605634
27,Thr,3.225,0.277605634
27,Trp,1.003,0.277605634
27,Tyr,1.02,0.277605634
27,Val,3.05,0.277605634
39,Ala,0.072,0.280985916
39,Arg,1.94,0.280985916
39,Asn,6.175,0.280985916
39,Asp,1.455,0.280985916
39,Gln,0.0094,0.280985916
39,Glu,1.803,0.280985916
39,Gly,0.169,0.280985916
39,His,1.053,0.280985916
39,Ile,2.7,0.280985916
39,Leu,4.025,0.280985916
39,Lys,3,0.280985916
39,Met,0.763,0.280985916
39,Phe,1.258,0.280985916
39,Pro,4.35,0.280985916
39,Ser,4.95,0.280985916
39,Thr,3.175,0.280985916
39,Trp,0.928,0.280985916
39,Tyr,0.943,0.280985916
39,Val,2.875,0.280985916
45,Ala,0.085,0.282676056
45,Arg,1.915,0.282676056
45,Asn,5.825,0.282676056
45,Asp,1.388,0.282676056
45,Gln,0.0078,0.282676056
45,Glu,1.763,0.282676056
45,Gly,0.196,0.282676056
45,His,1.038,0.282676056
45,Ile,2.55,0.282676056
45,Leu,3.8,0.282676056
45,Lys,2.925,0.282676056
45,Met,0.803,0.282676056
45,Phe,1.165,0.282676056
45,Pro,4.1,0.282676056
45,Ser,4.675,0.282676056
45,Thr,3.075,0.282676056
45,Trp,0.868,0.282676056
45,Tyr,0.89,0.282676056
45,Val,2.7,0.282676056
51,Ala,0.092,0.284366197
51,Arg,2.173,0.284366197
51,Asn,6.775,0.284366197
51,Asp,1.598,0.284366197
51,Gln,0.016,0.284366197
51,Glu,1.915,0.284366197
51,Gly,0.265,0.284366197
51,His,1.22,0.284366197
51,Ile,3,0.284366197
51,Leu,4.35,0.284366197
51,Lys,3.475,0.284366197
51,Met,0.903,0.284366197
51,Phe,1.388,0.284366197
51,Pro,4.9,0.284366197
51,Ser,5.425,0.284366197
51,Thr,3.375,0.284366197
51,Trp,0.983,0.284366197
51,Tyr,1.07,0.284366197
51,Val,3.125,0.284366197
63,Ala,0.091,0.287746479
63,Arg,1.83,0.287746479
63,Asn,5.575,0.287746479
63,Asp,1.3,0.287746479
63,Gln,0.016,0.287746479
63,Glu,1.665,0.287746479
63,Gly,0.318,0.287746479
63,His,1.07,0.287746479
63,Ile,2.65,0.287746479
63,Leu,3.8,0.287746479
63,Lys,3.125,0.287746479
63,Met,0.775,0.287746479
63,Phe,1.178,0.287746479
63,Pro,4.225,0.287746479
63,Ser,4.8,0.287746479
63,Thr,2.975,0.287746479
63,Trp,0.865,0.287746479
63,Tyr,0.913,0.287746479
63,Val,2.725,0.287746479
69,Ala,0.107,0.28943662
69,Arg,2.103,0.28943662
69,Asn,6.075,0.28943662
69,Asp,1.468,0.28943662
69,Gln,0.025,0.28943662
69,Glu,1.818,0.28943662
69,Gly,0.385,0.28943662
69,His,1.19,0.28943662
69,Ile,2.825,0.28943662
69,Leu,4.125,0.28943662
69,Lys,3.075,0.28943662
69,Met,0.833,0.28943662
69,Phe,1.318,0.28943662
69,Pro,4.825,0.28943662
69,Ser,5.15,0.28943662
69,Thr,3.175,0.28943662
69,Trp,1.008,0.28943662
69,Tyr,1.015,0.28943662
69,Val,3.05,0.28943662
75,Ala,0.123,0.291126761
75,Arg,2.293,0.291126761
75,Asn,6.3,0.291126761
75,Asp,1.59,0.291126761
75,Gln,0.03,0.291126761
75,Glu,1.943,0.291126761
75,Gly,0.495,0.291126761
75,His,1.3,0.291126761
75,Ile,3.15,0.291126761
75,Leu,4.6,0.291126761
75,Lys,3.2,0.291126761
75,Met,0.938,0.291126761
75,Phe,1.46,0.291126761
75,Pro,5.1,0.291126761
75,Ser,5.675,0.291126761
75,Thr,3.475,0.291126761
75,Trp,1.115,0.291126761
75,Tyr,1.14,0.291126761
75,Val,3.275,0.291126761
87,Ala,0.133,0.294507042
87,Arg,2.003,0.294507042
87,Asn,5.375,0.294507042
87,Asp,1.37,0.294507042
87,Gln,0.034,0.294507042
87,Glu,1.66,0.294507042
87,Gly,0.51,0.294507042
87,His,1.14,0.294507042
87,Ile,2.675,0.294507042
87,Leu,3.95,0.294507042
87,Lys,2.975,0.294507042
87,Met,0.853,0.294507042
87,Phe,1.245,0.294507042
87,Pro,4.825,0.294507042
87,Ser,4.675,0.294507042
87,Thr,3.1,0.294507042
87,Trp,0.963,0.294507042
87,Tyr,0.993,0.294507042
87,Val,2.95,0.294507042
93,Ala,0.157,0.296197183
93,Arg,2.058,0.296197183
93,Asn,5.675,0.296197183
93,Asp,1.495,0.296197183
93,Gln,0.035,0.296197183
93,Glu,1.76,0.296197183
93,Gly,0.598,0.296197183
93,His,1.188,0.296197183
93,Ile,2.775,0.296197183
93,Leu,3.975,0.296197183
93,Lys,3.3,0.296197183
93,Met,0.875,0.296197183
93,Phe,1.333,0.296197183
93,Pro,4.75,0.296197183
93,Ser,4.775,0.296197183
93,Thr,3.325,0.296197183
93,Trp,1.015,0.296197183
93,Tyr,0.985,0.296197183
93,Val,3.025,0.296197183
99,Ala,0.183,0.297887324
99,Arg,1.893,0.297887324
99,Asn,5.35,0.297887324
99,Asp,1.423,0.297887324
99,Gln,0.043,0.297887324
99,Glu,1.678,0.297887324
99,Gly,0.623,0.297887324
99,His,1.108,0.297887324
99,Ile,2.55,0.297887324
99,Leu,3.675,0.297887324
99,Lys,3.125,0.297887324
99,Met,0.713,0.297887324
99,Phe,1.135,0.297887324
99,Pro,4.45,0.297887324
99,Ser,4.35,0.297887324
99,Thr,3.2,0.297887324
99,Trp,0.908,0.297887324
99,Tyr,0.95,0.297887324
99,Val,2.775,0.297887324
0,Ala,0.036,0.27
0,Arg,2.005,0.27
0,Asn,6.35,0.27
0,Asp,1.373,0.27
0,Gln,NA,0.27
0,Glu,1.833,0.27
0,Gly,0.076,0.27
0,His,1.113,0.27
0,Ile,2.875,0.27
0,Leu,4.25,0.27
0,Lys,3.125,0.27
0,Met,0.788,0.27
0,Phe,1.325,0.27
0,Pro,4.425,0.27
0,Ser,5.3,0.27
0,Thr,3.1,0.27
0,Trp,0.958,0.27
0,Tyr,1.005,0.27
0,Val,2.975,0.27
141,Ala,0.973,0.30971831
141,Arg,1.568,0.30971831
141,Asn,1.838,0.30971831
141,Asp,0.97,0.30971831
141,Gln,0.111,0.30971831
141,Glu,0.99,0.30971831
141,Gly,1.013,0.30971831
141,His,0.865,0.30971831
141,Ile,1.943,0.30971831
141,Leu,2.775,0.30971831
141,Lys,2.21,0.30971831
141,Met,0.535,0.30971831
141,Phe,0.925,0.30971831
141,Pro,3.75,0.30971831
141,Ser,2.65,0.30971831
141,Thr,2.358,0.30971831
141,Trp,0.773,0.30971831
141,Tyr,0.698,0.30971831
141,Val,2.16,0.30971831
